{"cameraMode":{"drawMode":0,"name":"Shaded","section":"Shading Mode"},"sceneLighting":false,"audioPlay":false,"sceneViewState":{"m_AlwaysRefresh":false,"showFog":true,"showSkybox":false,"showFlares":true,"showImageEffects":true,"showParticleSystems":true,"showVisualEffectGraphs":true,"m_FxEnabled":true},"in2DMode":false,"pivot":{"x":-0.007467746734619141,"y":1.5465037822723389,"z":0.5063457489013672},"rotation":{"x":0.30866530537605288,"y":0.6690568327903748,"z":-0.3614429831504822,"w":0.5713615417480469},"size":1.889901876449585,"orthographic":false}